{
  "totalSims": 171512000,
  "botRecords": {
    "Michael": {
      "wins": 1164143605.4006786,
      "losses": 1237024394.5995562
    },
    "Emily": {
      "wins": 1246205620.1998188,
      "losses": 1154962379.800247
    },
    "James": {
      "wins": 1331517317.399996,
      "losses": 1069650682.6003668
    },
    "Ashley": {
      "wins": 1038805240.2000678,
      "losses": 1362362759.7998605
    },
    "Robert": {
      "wins": 1228880407.3995059,
      "losses": 1172287592.6001391
    },
    "Your Team": {
      "wins": 1031920798.0004861,
      "losses": 1369247202.0000682
    },
    "Andy": {
      "wins": 1275468785.7983034,
      "losses": 1125699214.2009294
    },
    "Mike": {
      "wins": 1060931206.9998283,
      "losses": 1340236793.0005145
    },
    "Jason": {
      "wins": 1306858021.0002294,
      "losses": 1094309979.0001485
    },
    "Sarah": {
      "wins": 1245874337.600515,
      "losses": 1155293662.399713
    },
    "David": {
      "wins": 1105434818.1994388,
      "losses": 1295733181.8001778
    },
    "Jessica": {
      "wins": 1370967841.7993782,
      "losses": 1030200158.2002307
    }
  },
  "strategyRecords": {
    "Elite QB/TE Premium": {
      "wins": 2393024012.798271,
      "losses": 2409311987.2014694
    },
    "Zero RB": {
      "wins": 2492079957.800718,
      "losses": 2310256042.1989274
    },
    "Balanced": {
      "wins": 3977953945.004077,
      "losses": 3225550054.997876
    },
    "Robust RB": {
      "wins": 2070726038.1994545,
      "losses": 2731609961.802117
    },
    "Hero RB": {
      "wins": 2166366025.1979833,
      "losses": 2635969974.8002205
    },
    "Late QB/TE Focus": {
      "wins": 1306858021.0002294,
      "losses": 1094309979.0001485
    }
  },
  "slotRecords": {
    "1": {
      "wins": 1160559766.8002236,
      "losses": 1240608233.1996555
    },
    "2": {
      "wins": 1143608692.600235,
      "losses": 1257559307.3997576
    },
    "3": {
      "wins": 1146960172.200257,
      "losses": 1254207827.7996986
    },
    "4": {
      "wins": 1164478052.9994042,
      "losses": 1236689947.0005064
    },
    "5": {
      "wins": 1343742667.399118,
      "losses": 1057425332.6002258
    },
    "6": {
      "wins": 1213609688.2000136,
      "losses": 1187558311.8000274
    },
    "7": {
      "wins": 1166348532.9995565,
      "losses": 1234819467.0004485
    },
    "8": {
      "wins": 1060781482.5995046,
      "losses": 1340386517.4006007
    },
    "9": {
      "wins": 1188016857.6003625,
      "losses": 1213151142.399732
    },
    "10": {
      "wins": 1318144638.7996585,
      "losses": 1083023361.199867
    },
    "11": {
      "wins": 1199443044.2002053,
      "losses": 1201724955.7997591
    },
    "12": {
      "wins": 1301314403.5991073,
      "losses": 1099853596.4006948
    }
  },
  "parameterMutations": {
    "Zero RB": {
      "earlyRoundRB_penalty": -10.17,
      "earlyRoundWRTE_bonus": 58.39,
      "roundLimit": 2.79
    },
    "Hero RB": {
      "anchorRB_bonus": 78.96,
      "earlyRB2_penalty": -27.61,
      "roundLimitAnchor": 13.44,
      "roundLimitRB2": 12.51
    },
    "Late QB/TE Focus": {
      "earlyQB_penalty": -63.7,
      "earlyTE_penalty": -40.22,
      "roundLimit": -19.46
    },
    "Balanced": {
      "adpSteal_multiplier": -0.11,
      "adpSteal_cap": 5.12,
      "adpGapThreshold": 9.33
    },
    "Robust RB": {
      "earlyRB_bonus": 119.98,
      "earlyQBTEWR_penalty": -10.12,
      "roundLimit": 22.13
    },
    "Elite QB/TE Premium": {
      "earlyQB_bonus": 51.84,
      "earlyTE_bonus": 68.57,
      "roundLimit": 6.86
    }
  },
  "rosterViolations": 0,
  "lastUpdated": 1779413416544
}